nom,plateforme,genre,followers,proba_star
Elisa Valbon,Spotify,Jazz-Soul,361,0.9683558650531608
King Luca,Spotify,Afrobeat-Amapiano,8006,0.9680083999078478
Paolo.,Spotify,Rap-HipHop-RnB,8479,0.9664263589865091
GAL,Spotify,Jazz-Soul,6738,0.9662198915406378
LATACHE1.7,Spotify,Rap-HipHop-RnB,4878,0.9649805627995902
Divaa,Spotify,Pop,767,0.9648694013670687
Mec touché,Spotify,Electro,1660,0.9646667248550128
Maïa,Spotify,Electro,10138,0.9644391654360472
LAGOS IN PARIS,Spotify,Afrobeat-Amapiano,3990,0.9641235892506238
VEEKO,Spotify,Jazz-Soul,3049,0.964058841107747
€sïol,Spotify,Jazz-Soul,416,0.9639896682124597
Emma Levy,Spotify,Jazz-Soul,265,0.9633950734998876
XVI,Spotify,Afrobeat-Amapiano,4038,0.9625717181090643
Chems,Spotify,Rap-HipHop-RnB,15853,0.9620942413684652
LOUIZI,Spotify,Jazz-Soul,669,0.9617912565256489
AMELYNE,Spotify,Rap-HipHop-RnB,2473,0.9607874081093328
Python Loco,Spotify,Rap-HipHop-RnB,4265,0.9607382395526626
Haz.r,Spotify,Jazz-Soul,3166,0.9600501742829853
E.R,Spotify,Rap-HipHop-RnB,493,0.9587532328582288
Hina,Spotify,Rap-HipHop-RnB,399,0.9561527286487795
94Tunez,Spotify,Rock-Metal,454,0.9545102810132947
Noor,Spotify,Indie-Alternative,8137,0.9537493484340959
Paris Chesnay,Spotify,Indie-Alternative,384,0.953739057756079
LAETITIA PERRAUD,Spotify,Jazz-Soul,174,0.9537193336458741
Esmée,Spotify,Pop,7267,0.9532703390477759
Monsieur Pof,Spotify,Rap-HipHop-RnB,1936,0.9527832363347041
Ann Paris,Spotify,Jazz-Soul,684,0.9525058279531481
DJ SAURIER,Spotify,Rap-HipHop-RnB,1938,0.951569438819892
nous étions une armée,Spotify,Rock-Metal,2599,0.9488259506354312
Lagui,Spotify,Rap-HipHop-RnB,14112,0.9487357277759222
Droges,Spotify,Rock-Metal,2425,0.9465462051231673
Phil,Spotify,Pop,264,0.9450907487366368
Aymen Parisien,Spotify,Rap-HipHop-RnB,6123,0.9439596041394703
Trent Lyon,Spotify,Jazz-Soul,211,0.9434623811625915
Jarod Gaoudi,Spotify,Electro,5548,0.9431704222138863
ERRE 911,Spotify,Rock-Metal,140,0.9415623440359685
Marsy,Spotify,Jazz-Soul,829,0.9390712132854214
New Generation Music,Spotify,Jazz-Soul,2114,0.9376647517959754
Hi:Fi,Spotify,Electro,127,0.9336233230437715
Oli,Spotify,Rap-HipHop-RnB,5865,0.9248346257211914
Soyuz,Spotify,Jazz-Soul,420,0.9010727251618004
G-Kill,Spotify,Rap-HipHop-RnB,434,0.883468892050625
Funklover,Spotify,Jazz-Soul,614,0.8763857884530131
NESSA,Spotify,Jazz-Soul,569,0.86934437940763
Moise Ngofo,Spotify,Jazz-Soul,6315,0.8588488242545246
Mitra,Spotify,Rap-HipHop-RnB,336,0.8576887156188113
Zinée,Deezer,Rap-HipHop-RnB,8204,0.8560682032200922
Jahzz,Spotify,Jazz-Soul,277,0.7887082029133571
Linema,Spotify,Pop,3664,0.34543738788197137
Afro Moombattack,Spotify,Afrobeat-Amapiano,415,0.1868860916932494
Julia Lyons,Spotify,Rock-Metal,1076,0.14843308697292987
sweet93,Spotify,Rock-Metal,15693,0.14021718365413513
Église SOS Lyon,Spotify,Jazz-Soul,263,0.1317480484028876
Rap2Rue,Spotify,Rap-HipHop-RnB,333,0.12798833826013287
Paris Nights,Spotify,Jazz-Soul,2182,0.1200841515162245
Boumidjal X,Spotify,Afrobeat-Amapiano,1974,0.11701628812169407
EREX,Spotify,Electro,972,0.10981564476820144
rick linzel,Spotify,Rock-Metal,185,0.1069122718235856
France Mpundu,Spotify,Afrobeat-Amapiano,2253,0.10349212906132582
Toera,Spotify,Electro,980,0.10150809504770773
kxvas,Spotify,Rap-HipHop-RnB,1928,0.09923228304100318
Dynamite Shakers,Spotify,Rock-Metal,6939,0.095740389839041
Sophieanne,Spotify,Rap-HipHop-RnB,2998,0.09472354096288187
Jeho,Spotify,Jazz-Soul,3845,0.09432360254103599
Danilo,Spotify,Afrobeat-Amapiano,8289,0.09415819741176823
La Traine,Spotify,Electro,6544,0.0908085344006631
Stella,Spotify,Jazz-Soul,5962,0.08883647817419645
NASTYJOE,Spotify,Rock-Metal,2117,0.08837412456956767
MANARËM,Spotify,Electro,15733,0.08310137940741884
RHUM G,Spotify,Afrobeat-Amapiano,6838,0.08023720668681543
nes929,Spotify,Rap-HipHop-RnB,399,0.07836180017367254
Afios,Spotify,Afrobeat-Amapiano,5096,0.07609005363378356
2sick,Spotify,Rap-HipHop-RnB,351,0.07485160924789118
MLK Music,Spotify,Jazz-Soul,6054,0.0737182221247616
Montjoie !,Spotify,Indie-Alternative,8710,0.07369253418019574
LILLEN,Spotify,Rap-HipHop-RnB,1010,0.07286073884690446
Saaro,Spotify,Rap-HipHop-RnB,11607,0.07227010590637305
Valmont,Spotify,Electro,7718,0.07169219758090745
Tony La Famille,Spotify,Jazz-Soul,761,0.07134059166461497
Paris Aguilar,Spotify,Electro,539,0.07128468467524035
Sha,Spotify,Jazz-Soul,1784,0.07043975628497479
Clan 91,Spotify,Rock-Metal,537,0.07018697530482758
Steel Alive,Spotify,Electro,2991,0.06707947768747456
Rickwel,Spotify,Rock-Metal,187,0.066967267749266
Leo Lilley,Spotify,Rock-Metal,280,0.06466144425424501
Meryem Aboulouafa,Spotify,Rap-HipHop-RnB,21538,0.06413347734232917
2Bang,Spotify,Rock-Metal,229,0.062095373673399644
Bellboy,Spotify,Rock-Metal,2464,0.06179822942261007
Likkle Ferguson,Spotify,Rock-Metal,436,0.05805177801839521
Angy,Spotify,Jazz-Soul,5943,0.05743683488996937
Asinine,Spotify,Rap-HipHop-RnB,23945,0.05567858802258269
M87,Spotify,Afrobeat-Amapiano,1100,0.0540427933049783
Grandma's Ashes,Spotify,Rock-Metal,5405,0.0533955824372259
Coco061,Spotify,Rap-HipHop-RnB,6388,0.052257109951633275
MARCEL,Spotify,Jazz-Soul,7251,0.0517752142200503
Soul Parker,Spotify,Jazz-Soul,424,0.05144766373984524
Kronotrap,Spotify,Electro,105,0.050847310910213994
Aj Ness,Spotify,Rap-HipHop-RnB,423,0.04953331675556516
THE KILLER-RD,Spotify,Jazz-Soul,415,0.04907792487968111
George Lyons,Spotify,Rock-Metal,2266,0.04870336650987265
Livres audio en français,Deezer,Rap-HipHop-RnB,4918,0.047073118447759854
Comic Cadence,Spotify,Electro,1091,0.04672628261809675
Charles Ludig,Spotify,Rock-Metal,1523,0.04635155806724744
PHLP,Spotify,Rap-HipHop-RnB,1596,0.04594262228475867
931Luhcam,Spotify,Rap-HipHop-RnB,101,0.04450839492232622
DJ Milane,Spotify,Rap-HipHop-RnB,3717,0.04354664710198144
2 Mètres,Spotify,Rap-HipHop-RnB,20984,0.04331274935523683
Lino,Spotify,Jazz-Soul,2892,0.04269496578157999
Lil Slow,Spotify,Jazz-Soul,478,0.04161293646970737
Leita,Spotify,Electro,230,0.0401325348903565
Viinz,Spotify,Rap-HipHop-RnB,1980,0.03966454582868808
Darlagoldengoal,Spotify,Jazz-Soul,15312,0.0387074860112648
Soul Seller,Deezer,Rap-HipHop-RnB,273,0.03748394934183647
Rayan Labiche,Spotify,Jazz-Soul,7137,0.03713201705680173
IGO,Spotify,Jazz-Soul,4202,0.03584356390717528
Kizzy Grâce,Spotify,Jazz-Soul,26425,0.03574153580809816
Clavicule,Spotify,Rock-Metal,3183,0.03568872322685774
Astral Bakers,Spotify,Pop,4321,0.03555340221708611
Hervé Kumingi,Spotify,Jazz-Soul,398,0.03475253883271306
Florian Pellissier,Spotify,Jazz-Soul,437,0.03426700494083404
Element in One,Spotify,Electro,207,0.034261735176237894
Francis Degrandpré,Deezer,Rap-HipHop-RnB,479,0.03393742803185492
Pop Money,Deezer,Rap-HipHop-RnB,189,0.03361502173734731
Send Me Love Letters,Spotify,Jazz-Soul,1717,0.03357535011319863
Awoga,Spotify,Afrobeat-Amapiano,1910,0.03280711326210833
Boris & Moris,Spotify,Electro,1564,0.03263601802766628
Lancelot,Spotify,Pop,6955,0.032118621243794776
DJ PHIL,Spotify,Rap-HipHop-RnB,1455,0.031118168073904735
Lawskie,Spotify,Rap-HipHop-RnB,3332,0.030469905315937847
Selim Du 94,Spotify,Rap-HipHop-RnB,129,0.0299739146514834
Lili Poli,Spotify,Pop,206,0.029075528623385593
Paris Laná,Spotify,Rock-Metal,285,0.028574763466745978
Jeunesaint,Deezer,Rap-HipHop-RnB,2855,0.028201511190376855
Chronic Killer,Spotify,Jazz-Soul,170,0.02801256246717898
Atthida,Spotify,Afrobeat-Amapiano,160,0.02675222752777746
Rick Lyon,Spotify,Rock-Metal,580,0.026699649709292766
Menzo,Spotify,Jazz-Soul,1417,0.026508588950133628
Dounia Jari,Spotify,Afrobeat-Amapiano,5609,0.026449333805415753
Alexandre Jaouën,Spotify,Electro,117,0.02600095585256193
Gospel Praise Family,Deezer,Rap-HipHop-RnB,1861,0.02516481815182564
ex7stence,Spotify,Rap-HipHop-RnB,4667,0.025081298069708182
Kaky,Spotify,Pop,21310,0.024866370191436605
François Rabbath,Deezer,Rap-HipHop-RnB,305,0.02479928706482233
Hedges,Spotify,Jazz-Soul,311,0.024071617961321973
Pete Rodriguez,Spotify,Jazz-Soul,33059,0.022950518348645543
Super Social Jeez,Spotify,Electro,978,0.02195763092660269
KillerB,Spotify,Pop,1131,0.021880731017179956
Natalie Paris,Spotify,Pop,2543,0.021714433534008995
paris grey,Spotify,Electro,239,0.021187825157110218
HANÎ,Spotify,Afrobeat-Amapiano,1182,0.021082977100696773
WAKS,Deezer,Rap-HipHop-RnB,3557,0.02096037748126354
François Pierron,Deezer,Rap-HipHop-RnB,244,0.020752380696727194
Paris Phoebe,Spotify,Jazz-Soul,2922,0.020692934729955342
Garret Rouleau,Spotify,Rap-HipHop-RnB,199,0.020632853033436347
Rap All Star,Deezer,Rap-HipHop-RnB,327,0.020589777735794054
Rick O'Connor,Spotify,Rock-Metal,105,0.02035702965841485
BB Model,Spotify,Afrobeat-Amapiano,1147,0.02033093121636637
Bouga,Spotify,Indie-Alternative,4816,0.01965148382929374
Le Chœur Gospel de Paris,Spotify,Jazz-Soul,127,0.01947509990518025
Leopoldine HH.,Spotify,Electro,914,0.019103523550606155
Liine,Spotify,Jazz-Soul,812,0.018972705302559803
Jhevon Paris,Spotify,Jazz-Soul,488,0.01849226910825943
Nina Lili J,Spotify,Pop,985,0.01829683167260115
Kelly Lyon,Spotify,Afrobeat-Amapiano,1318,0.01827167128341976
François Ladrezeau,Deezer,Rap-HipHop-RnB,569,0.018112392522942746
Cyprien Zeni,Spotify,Jazz-Soul,413,0.01804879367854093
Foda C,Spotify,Afrobeat-Amapiano,7093,0.018011194878261708
Tonyno,Spotify,Rock-Metal,1078,0.017992448230044086
rz92i,Spotify,Rap-HipHop-RnB,1530,0.017911182871230242
Mikeysem,Spotify,Rap-HipHop-RnB,2384,0.017875276300210918
J. Paris,Spotify,Jazz-Soul,1711,0.01776191360423761
French Accent,Spotify,Electro,560,0.017412368004447815
Elisa Kwamé,Spotify,Jazz-Soul,678,0.01731560745660062
Paris Petitjean,Spotify,Pop,4447,0.01726383163064224
Julien Herné,Spotify,Jazz-Soul,236,0.017210180249010557
RAF ADONE,Deezer,Rap-HipHop-RnB,2488,0.01688390619436891
VALO93,Spotify,Rap-HipHop-RnB,364,0.016736220880921814
LUZON,Spotify,Rap-HipHop-RnB,3264,0.016549702240172253
Soulline,Deezer,Rap-HipHop-RnB,173,0.016403123890408176
Doosko Niafo,Spotify,Afrobeat-Amapiano,4944,0.016303628022620534
Gabriel Paris,Spotify,Rap-HipHop-RnB,4277,0.016248053837242666
Grizzly 942,Spotify,Rap-HipHop-RnB,1163,0.016110865255374193
Ivon Paris,Spotify,Afrobeat-Amapiano,796,0.016027737836037503
HappyMoli,Spotify,Rap-HipHop-RnB,2707,0.0159588247668319
Sully Sefil,Deezer,Rap-HipHop-RnB,2826,0.015700738390588043
Black Crystal,Spotify,Afrobeat-Amapiano,433,0.015627432156934854
Soul Kontakt,Deezer,Rap-HipHop-RnB,213,0.01536597246071284
The French Touch NZ,Deezer,Rap-HipHop-RnB,382,0.015023627725226118
Angelus,Spotify,Electro,1553,0.014867548595095639
Rap Attack,Deezer,Rap-HipHop-RnB,26899,0.014851192079212386
Pol_On,Deezer,Rap-HipHop-RnB,248,0.014718932027758883
Kazkami,Spotify,Jazz-Soul,1970,0.01464218901058048
Soul Control,Deezer,Rap-HipHop-RnB,695,0.0146182498054375
Tenma,Spotify,Rock-Metal,827,0.014364313398811787
Thomas De Pourquery,Deezer,Rap-HipHop-RnB,6829,0.014342527316553208
Dina,Deezer,Rap-HipHop-RnB,3011,0.014280715660730955
Luis De Lille,Spotify,Rock-Metal,3066,0.014261914747516308
Candice Parise,Spotify,Pop,2054,0.014254226681207143
Rapkilla,Deezer,Rap-HipHop-RnB,184,0.014108782613498834
Victory In Jesus! 32 Favorite Hymns And Gospel Songs Performers,Spotify,Jazz-Soul,6022,0.013775833969049791
Haley James Scott,Spotify,Pop,9746,0.013699635258314746
jump man 93,Spotify,Rock-Metal,2521,0.013590363284820333
Momo Rap Français,Deezer,Rap-HipHop-RnB,239,0.01355642259039691
Francis,Deezer,Rap-HipHop-RnB,513,0.01353184051423663
François Joseph Gossec,Deezer,Rap-HipHop-RnB,158,0.013524418244377098
Dalton,Deezer,Rap-HipHop-RnB,3783,0.013421432788227152
François-Adrien Boïeldieu,Deezer,Rap-HipHop-RnB,374,0.01339289278508471
FFB,Deezer,Rap-HipHop-RnB,599,0.013340809770673734
Rayou,Spotify,Rock-Metal,1348,0.013316327891093114
Jazzy Jazz,Spotify,Jazz-Soul,883,0.01319243959709329
Lophiile,Deezer,Rap-HipHop-RnB,877,0.013136088996852984
Ray Lynch,Deezer,Rap-HipHop-RnB,1069,0.013061465835829617
Soul Ballet,Deezer,Rap-HipHop-RnB,604,0.012903973696805368
Papyon,Deezer,Rap-HipHop-RnB,290,0.012883866732671606
Kreyol Gospel Parts,Deezer,Rap-HipHop-RnB,1016,0.01285793140165301
Saúl Lallermand,Deezer,Rap-HipHop-RnB,549,0.012571458642744532
Francisca La Braza,Deezer,Rap-HipHop-RnB,2764,0.012397789163321576
The Rapparees,Deezer,Rap-HipHop-RnB,619,0.012392157016239249
François Hadji-Lazaro,Deezer,Rap-HipHop-RnB,8813,0.012360533656311247
Radu Ille,Deezer,Rap-HipHop-RnB,5689,0.012252301401009483
Francis et ses peintres,Deezer,Rap-HipHop-RnB,1244,0.01217897668203044
